Kreditkarte,695.34
Kreditkarte,989.48
Paypal,567.23
Kreditkarte,893.11
Bar,972.52
Bar,578.46
Bar,221.1
Kreditkarte,798.03
Kreditkarte,512.84
Paypal,737.76
Paypal,599.76
Kreditkarte,997.72
Paypal,360.65
Bar,100.75
Kreditkarte,790.15
Paypal,382.58
Kreditkarte,296.43
Paypal,884.86
Paypal,150.85
Kreditkarte,740.58
Paypal,239.3
Bar,765.29
Kreditkarte,483.75
Kreditkarte,683.1
Kreditkarte,995.23
Kreditkarte,333.83
Kreditkarte,30.28
Paypal,32.94
Bar,386.33
Bar,385.69
Kreditkarte,320.14
Kreditkarte,378.07
Kreditkarte,536.38
Bar,315.12
Kreditkarte,181
Paypal,373.69
Bar,940.26
Kreditkarte,98.68
Paypal,327.27
Paypal,376.47
Bar,204.55
Bar,325.38
Paypal,168.85
Paypal,422.41
Bar,454.95
Paypal,917.84
Kreditkarte,997.75
Paypal,38.51
Kreditkarte,298.35
Paypal,478.19
Kreditkarte,77.76
Paypal,312.41
Bar,931.89
Bar,272.93
Bar,295.46
Kreditkarte,116.26
Bar,581.65
Paypal,911.18
Paypal,11.95
Paypal,770.17
Bar,427.29
Bar,815.08
Bar,569.44
Bar,573.74
Bar,47.6
Bar,119.15
Bar,845.77
Bar,250.79
Kreditkarte,618.31
Kreditkarte,626.78
Kreditkarte,723.65
Bar,567.35
Paypal,290.64
Kreditkarte,395.92
Bar,479.27
Paypal,594.43
Bar,415.68
Bar,732.07
Bar,524.33
Paypal,928.08
Paypal,471.24
Kreditkarte,310.65
Kreditkarte,142.45
Kreditkarte,225.15
Bar,547.72
Kreditkarte,827.08
Kreditkarte,810.72
Paypal,611.81
Paypal,773.57
Paypal,924.34
Paypal,212.39
Kreditkarte,439.38
Paypal,648.43
Paypal,563.92
Bar,515.01
Kreditkarte,329.86
Bar,526.75
Paypal,701.24
Bar,808.67
Paypal,406.56
Paypal,33.79
Paypal,680.52
Paypal,843.82
Kreditkarte,438.72
Kreditkarte,620.08
Kreditkarte,596.49
Kreditkarte,101.34
Paypal,250.07
Paypal,244.37
Bar,576.01
Kreditkarte,938.49
Bar,935.97
Kreditkarte,504.89
Kreditkarte,25.27
Kreditkarte,626.83
Kreditkarte,410.61
Kreditkarte,700.44
Bar,109.98
Paypal,512.25
Paypal,191.54
Bar,566.53
Paypal,826.53
Kreditkarte,519.22
Kreditkarte,131.27
Kreditkarte,416.51
Kreditkarte,361.42
Paypal,733.62
Paypal,316.83
Bar,931.57
Bar,857.6
Bar,974.97
Kreditkarte,634.11
Paypal,758.31
Paypal,468.21
Bar,510.88
Kreditkarte,857.7
Paypal,175.49
Paypal,182.86
Paypal,360.56
Bar,48.57
Kreditkarte,459.57
Kreditkarte,232.93
Kreditkarte,440.46
Bar,758.76
Bar,48.12
Kreditkarte,960.24
Bar,569.88
Paypal,639.41
Kreditkarte,83.14
Kreditkarte,857.77
Kreditkarte,969.14
Kreditkarte,57.42
Kreditkarte,983.48
Kreditkarte,589.61
Bar,301
Kreditkarte,898.78
Kreditkarte,468.17
Paypal,730.38
Bar,583.56
Paypal,875.15
Kreditkarte,491.12
Bar,676.36
Kreditkarte,413.07
Paypal,921.89
Bar,451.52
Kreditkarte,703.86
Paypal,512.04
Paypal,661.83
Kreditkarte,497.75
Kreditkarte,296
Kreditkarte,874.67
Bar,999.39
Paypal,943.53
Bar,79.75
Paypal,998.97
Bar,296.09
Kreditkarte,294.15
Kreditkarte,341.95
Paypal,682.65
Paypal,406.24
Paypal,447.3
Bar,868
Paypal,315.55
Kreditkarte,406.68
Paypal,749.29
Bar,659.25
Paypal,912.01
Kreditkarte,798.38
Kreditkarte,472.38
Kreditkarte,293.67
Kreditkarte,705.88
Kreditkarte,342.65
Kreditkarte,379.54
Kreditkarte,991.67
Kreditkarte,416.95
Kreditkarte,889.6
Paypal,878.98
Kreditkarte,144.8
Bar,14.69
Kreditkarte,226.3
Bar,705.79
Paypal,304.09
Kreditkarte,905.16
Kreditkarte,774.3
Bar,393.16
Kreditkarte,969.21
Paypal,737.31
Paypal,268.94
Bar,819.02
Paypal,365.27
Paypal,570.26
Bar,410.27
Kreditkarte,670.32
Paypal,546.63
Kreditkarte,57.53
Bar,81.02
Paypal,330.77
Paypal,253.14
Bar,66.62
Bar,609.82
Paypal,130.24
Paypal,280.55
Paypal,106.55
Paypal,38.64
Paypal,893.44
Kreditkarte,461.03
Paypal,131.36
Bar,850.4
Bar,605.26
Kreditkarte,691.66
Paypal,227.68
Kreditkarte,567.36
Kreditkarte,845.35
Kreditkarte,109.95
Paypal,845.46
Kreditkarte,492.66
Kreditkarte,669.3
Paypal,700.38
Paypal,786.09
Kreditkarte,386.59
Paypal,687.7
Bar,892.93
Kreditkarte,530.14
Bar,113.81
Kreditkarte,610.05
Kreditkarte,323.07
Kreditkarte,116.19
Paypal,147.34
Bar,579.7
Kreditkarte,516.05
Kreditkarte,663.28
Bar,521.44
Paypal,570.37
Paypal,695.21
Kreditkarte,713.12
Kreditkarte,399.38
Bar,715.18
Paypal,292.55
Bar,697.66
Paypal,143.6
Paypal,538.25
Bar,142.85
Kreditkarte,376.75
Bar,16.37
Kreditkarte,698.57
Kreditkarte,342.17
Kreditkarte,331.65
Paypal,968.3
Bar,802.38
Paypal,594.5
Paypal,849.31
Kreditkarte,969.68
Paypal,327.36
Paypal,955.36
Bar,759.08
Paypal,411.23
Bar,296.39
Paypal,907.05
Bar,653.12
Paypal,64.31
Bar,115.65
Kreditkarte,539.8
Paypal,134.23
Paypal,942.04
Bar,957.83
Kreditkarte,189.22
Paypal,547.2
Bar,649.55
Kreditkarte,226.4
Paypal,146.45
Kreditkarte,333.83
Kreditkarte,884.4
Paypal,472.97
Bar,869.31
Bar,47.76
Bar,634.1
Bar,222.41
Kreditkarte,44.35
Paypal,451.41
Paypal,24.73
Bar,173.02
Paypal,634.56
Bar,25.62
Bar,321.74
Kreditkarte,745.84
Bar,964.81
Paypal,629.04
Paypal,39.02
Bar,555.32
Paypal,827.85
Paypal,105.46
Paypal,268.44
Kreditkarte,104.34
Paypal,68.8
Kreditkarte,371.59
Paypal,892.98
Bar,448
Bar,851.59
Paypal,127.36
Paypal,204.84
Kreditkarte,24.97
Kreditkarte,679.56
Kreditkarte,348.04
Bar,448.06
Kreditkarte,926.59
Bar,257.02
Bar,320.46
Kreditkarte,172.14
Bar,704.44
Paypal,620.02
Bar,68.32
Bar,887.51
Bar,13.33
Kreditkarte,44.04
Paypal,879.67
Kreditkarte,805.87
Bar,449.08
Bar,731.29
Paypal,346.25
Paypal,116.62
Bar,332.11
Bar,619.46
Bar,819.73
Kreditkarte,878.55
Bar,842.8
Paypal,320.87
Paypal,287.21
Kreditkarte,409.28
Paypal,231.11
Paypal,823.7
Paypal,632.54
Paypal,711.68
Paypal,555.65
Bar,410.86
Paypal,22.91
Bar,206.16
Bar,615.7
Paypal,312.03
Paypal,598.38
Bar,593.15
Kreditkarte,488.25
Bar,573.73
Paypal,931.23
Bar,507.31
Bar,516.44
Bar,651.82
Paypal,568.32
Paypal,426.52
Paypal,811.18
Kreditkarte,316.19
Kreditkarte,777.4
Kreditkarte,712.19
Paypal,217.71
Bar,215.26
Bar,53.55
Paypal,544.92
Kreditkarte,617.77
Kreditkarte,519.43
Paypal,208.29
Paypal,847.53
Paypal,572.1
Paypal,21.05
Paypal,39.5
Bar,157.29
Bar,819.4
Paypal,925.73
Paypal,852.45
Kreditkarte,259.83
Bar,349.4
Bar,511.3
Paypal,151.86
Bar,574.39
Kreditkarte,839.06
Paypal,20.48
Kreditkarte,325.03
Kreditkarte,715.91
Paypal,155.2
Bar,855.58
Kreditkarte,409.3
Bar,432.38
Kreditkarte,855.34
Paypal,369.19
Kreditkarte,722.09
Kreditkarte,696.14
Bar,614.78
Kreditkarte,745.96
Paypal,331.78
Kreditkarte,429.92
Paypal,544.88
Bar,789.25
Bar,243.68
Paypal,477.44
Kreditkarte,242.9
Bar,335.59
Bar,140.15
Paypal,600.85
Bar,706.64
Paypal,702.01
Kreditkarte,513.32
Kreditkarte,320.88
Bar,732.66
Paypal,248.84
Paypal,92.74
Bar,620.26
Kreditkarte,747.06
Kreditkarte,461.63
Kreditkarte,950.26
Bar,553.03
Kreditkarte,337.98
Paypal,851.85
Kreditkarte,540.35
Paypal,670.54
Bar,195.28
Bar,886.27
Kreditkarte,557.2
Kreditkarte,670.02
Bar,995.6
Paypal,298.02
Kreditkarte,902.84
Bar,387.98
Kreditkarte,497.79
Kreditkarte,218.15
Kreditkarte,570.76
Paypal,977.13
Bar,241.33
Paypal,307.28
Kreditkarte,157.79
Paypal,970.56
Paypal,842.01
Paypal,103.63
Bar,135.88
Bar,209.08
Kreditkarte,880.18
Kreditkarte,352.75
Paypal,756.78
Bar,419.62
Kreditkarte,759.38
Kreditkarte,603.93
Kreditkarte,891.5
Kreditkarte,205.76
Bar,780.03
Paypal,118.6
Paypal,24.31
Kreditkarte,477.95
Paypal,614.94
Bar,893.14
Kreditkarte,484.56
Bar,873.78
Kreditkarte,603.96
Bar,703.24
Paypal,728.03
Bar,975.93
Bar,272.88
Kreditkarte,102.2
Bar,351.52
Kreditkarte,696.72
Bar,852.43
Paypal,483.36
Bar,886.72
Paypal,189.59
Paypal,441.26
Paypal,195.74
Kreditkarte,158.29
Kreditkarte,763.29
Paypal,612.19
Bar,858.09
Paypal,776.12
Kreditkarte,779.91
Kreditkarte,781.77
Paypal,930.62
Kreditkarte,225.07
Paypal,561.72
Kreditkarte,942.69
Bar,358.47
Paypal,524.3
Kreditkarte,214.95
Bar,822.26
Bar,697.48
Paypal,193.14
Bar,680.86